{
  "TimeStamp":            true,
  "SubjectUserName":      true,
  "TargetUserName":       true,
  "LogonTypeName":        true,
  "SourceNetworkAddress": true,
  "FailureReason":        true,
  "ProcessName":          true,
  "ProcessId":            false,
  "SubjectUserSid":       false,
  "SubjectDomainName":    false,
  "SubjectLogonId":       false,
  "LogonType":            false,
  "TargetUserSid":        false,
  "TargetDomainName":     false,
  "StatusCode":           false,
  "SubStatusCode":        false,
  "WorkstationName":      false,
  "PackageName":          false,
  "TransitedServices":    false,
  "KeyLength":            false,
  "ResolvedHost":         true
}